{
  "OOD Cotrained": {
    "pearson": 0.8555310642216142,
    "pearson_std": 0.026976998469032315,
    "mmrv": 0.07235470085470087,
    "mmrv_std": 0.019313423514604598
  },
  "OOD Zeroshot": {
    "pearson": 0.2976241256470599,
    "pearson_std": 0.06037247340557489,
    "mmrv": 0.28859401709401705,
    "mmrv_std": 0.034360830412937735
  },
  "Near Domain Cotrained": {
    "pearson": 0.8597128424482039,
    "pearson_std": 0.029085027486891523,
    "mmrv": 0.03855982905982906,
    "mmrv_std": 0.023252527498417254
  },
  "In Domain Cotrained": {
    "pearson": 0.8158515034521951,
    "pearson_std": 0.04053318276577415,
    "mmrv": 0.05887606837606837,
    "mmrv_std": 0.042368264935221917
  }
}