{
  "PolaRiS": {
    "pearson": 0.8983939683822203,
    "mmrv": 0.02987179487179488
  },
  "Ctrl-World": {
    "pearson": 0.5273762658634275,
    "mmrv": 0.2152884615384615
  },
  "LIBERO 1k": {
    "pearson": 0.6573900122246764,
    "mmrv": 0.1885363247863248
  },
  "LIBERO 10k": {
    "pearson": 0.7048114553908652,
    "mmrv": 0.03917735042735043
  },
  "LIBERO 50k": {
    "pearson": 0.6593865831350924,
    "mmrv": 0.14944444444444446
  },
  "MSE (Train)": {
    "pearson": -0.5481162649155734,
    "mmrv": 0.3972970085470085
  },
  "MSE (Val)": {
    "pearson": -0.5339651091073266,
    "mmrv": 0.3972970085470085
  }
}